ptlName,cmpLongName,ptlLicenseeInterest,tufName,tufNpdidTuf,cmpNpdidCompany,ptlLicenseeDateUpdated,dateSyncNPD
EUROPIPE,Silex Gas Norway AS,6.10200,EUROPIPE I,124262,21139663,9999-12-31,2013-05-08
EUROPIPE,ConocoPhillips Skandinavia AS,1.67800,EUROPIPE I,124262,2410696,9999-12-31,2013-05-08
EUROPIPE,Norsea Gas AS,2.26100,EUROPIPE I,124262,1025067,9999-12-31,2013-05-08
EUROPIPE,Njord Gas Infrastructure AS,8.03600,EUROPIPE I,124262,20440816,9999-12-31,2013-05-08
EUROPIPE,Statoil Petroleum AS,5.00000,EUROPIPE I,124262,17237817,9999-12-31,2013-05-08
EUROPIPE,Petoro AS,45.79300,EUROPIPE I,124262,1626839,9999-12-31,2013-05-08
EUROPIPE,DONG E&P Norge AS,0.98300,EUROPIPE I,124262,4070011,9999-12-31,2013-05-08
EUROPIPE,Infragas Norge AS,5.00600,EUROPIPE I,124262,21139140,9999-12-31,2013-05-08
EUROPIPE,RWE Dea Norge AS,0.08100,EUROPIPE I,124262,97557,9999-12-31,2013-05-08
EUROPIPE,GDF SUEZ E&P Norge AS,0.30400,EUROPIPE I,124262,5267845,9999-12-31,2013-05-08
EUROPIPE,Solveig Gas Norway AS,24.75600,EUROPIPE I,124262,21139652,9999-12-31,2013-05-08
EUROPIPE II,Solveig Gas Norway AS,24.75600,EUROPIPE II,2454909,21139652,9999-12-31,2013-05-08
EUROPIPE II,RWE Dea Norge AS,0.08100,EUROPIPE II,2454909,97557,9999-12-31,2013-05-08
EUROPIPE II,GDF SUEZ E&P Norge AS,0.30400,EUROPIPE II,2454909,5267845,9999-12-31,2013-05-08
EUROPIPE II,DONG E&P Norge AS,0.98300,EUROPIPE II,2454909,4070011,9999-12-31,2013-05-08
EUROPIPE II,Norsea Gas AS,2.26100,EUROPIPE II,2454909,1025067,9999-12-31,2013-05-08
EUROPIPE II,Petoro AS,45.79300,EUROPIPE II,2454909,1626839,9999-12-31,2013-05-08
EUROPIPE II,ConocoPhillips Skandinavia AS,1.67800,EUROPIPE II,2454909,2410696,9999-12-31,2013-05-08
EUROPIPE II,Silex Gas Norway AS,6.10200,EUROPIPE II,2454909,21139663,9999-12-31,2013-05-08
EUROPIPE II,Infragas Norge AS,5.00600,EUROPIPE II,2454909,21139140,9999-12-31,2013-05-08
EUROPIPE II,Njord Gas Infrastructure AS,8.03600,EUROPIPE II,2454909,20440816,9999-12-31,2013-05-08
EUROPIPE II,Statoil Petroleum AS,5.00000,EUROPIPE II,2454909,17237817,9999-12-31,2013-05-08
FRANPIPE,ConocoPhillips Skandinavia AS,1.67800,FRANPIPE,124202,2410696,9999-12-31,2013-05-08
FRANPIPE,Norsea Gas AS,2.26100,FRANPIPE,124202,1025067,9999-12-31,2013-05-08
FRANPIPE,Silex Gas Norway AS,6.10200,FRANPIPE,124202,21139663,9999-12-31,2013-05-08
FRANPIPE,Statoil Petroleum AS,5.00000,FRANPIPE,124202,17237817,9999-12-31,2013-05-08
FRANPIPE,Petoro AS,45.79300,FRANPIPE,124202,1626839,9999-12-31,2013-05-08
FRANPIPE,DONG E&P Norge AS,0.98300,FRANPIPE,124202,4070011,9999-12-31,2013-05-08
FRANPIPE,Infragas Norge AS,5.00600,FRANPIPE,124202,21139140,9999-12-31,2013-05-08
FRANPIPE,RWE Dea Norge AS,0.08100,FRANPIPE,124202,97557,9999-12-31,2013-05-08
FRANPIPE,GDF SUEZ E&P Norge AS,0.30400,FRANPIPE,124202,5267845,9999-12-31,2013-05-08
FRANPIPE,Solveig Gas Norway AS,24.75600,FRANPIPE,124202,21139652,9999-12-31,2013-05-08
FRANPIPE,Njord Gas Infrastructure AS,8.03600,FRANPIPE,124202,20440816,9999-12-31,2013-05-08
GJØA GAS PIPELINE,Solveig Gas Norway AS,24.75600,GJØA GASSRØR,4480765,21139652,9999-12-31,2013-05-08
GJØA GAS PIPELINE,RWE Dea Norge AS,0.08100,GJØA GASSRØR,4480765,97557,9999-12-31,2013-05-08
GJØA GAS PIPELINE,GDF SUEZ E&P Norge AS,0.30400,GJØA GASSRØR,4480765,5267845,9999-12-31,2013-05-08
GJØA GAS PIPELINE,DONG E&P Norge AS,0.98300,GJØA GASSRØR,4480765,4070011,9999-12-31,2013-05-08
GJØA GAS PIPELINE,ConocoPhillips Skandinavia AS,1.67800,GJØA GASSRØR,4480765,2410696,9999-12-31,2013-05-08
GJØA GAS PIPELINE,Norsea Gas AS,2.26100,GJØA GASSRØR,4480765,1025067,9999-12-31,2013-05-08
GJØA GAS PIPELINE,Infragas Norge AS,5.00600,GJØA GASSRØR,4480765,21139140,9999-12-31,2013-05-08
GJØA GAS PIPELINE,Silex Gas Norway AS,6.10200,GJØA GASSRØR,4480765,21139663,9999-12-31,2013-05-08
GJØA GAS PIPELINE,Njord Gas Infrastructure AS,8.03600,GJØA GASSRØR,4480765,20440816,9999-12-31,2013-05-08
GJØA GAS PIPELINE,Statoil Petroleum AS,5.00000,GJØA GASSRØR,4480765,17237817,9999-12-31,2013-05-08
GJØA GAS PIPELINE,Petoro AS,45.79300,GJØA GASSRØR,4480765,1626839,9999-12-31,2013-05-08
HALTENPIPE,Eni Norge AS,5.00000,HALTENPIPE,124293,2388594,9999-12-31,2013-05-08
HALTENPIPE,Norske ConocoPhillips AS,18.12500,HALTENPIPE,124293,2399056,9999-12-31,2013-05-08
HALTENPIPE,Statoil ASA,19.06252,HALTENPIPE,124293,17237803,9999-12-31,2013-05-08
HALTENPIPE,Petoro AS,57.81249,HALTENPIPE,124293,1626839,9999-12-31,2013-05-08
KOLLSNES GASSBEHANDLINGSANLEGG,DONG E&P Norge AS,0.98300,KOLLSNES GASSANLEGG,124354,4070011,9999-12-31,2013-05-08
KOLLSNES GASSBEHANDLINGSANLEGG,Infragas Norge AS,5.00600,KOLLSNES GASSANLEGG,124354,21139140,9999-12-31,2013-05-08
KOLLSNES GASSBEHANDLINGSANLEGG,ConocoPhillips Skandinavia AS,1.67800,KOLLSNES GASSANLEGG,124354,2410696,9999-12-31,2013-05-08
KOLLSNES GASSBEHANDLINGSANLEGG,Norsea Gas AS,2.26100,KOLLSNES GASSANLEGG,124354,1025067,9999-12-31,2013-05-08
KOLLSNES GASSBEHANDLINGSANLEGG,Njord Gas Infrastructure AS,8.03600,KOLLSNES GASSANLEGG,124354,20440816,9999-12-31,2013-05-08
KOLLSNES GASSBEHANDLINGSANLEGG,Silex Gas Norway AS,6.10200,KOLLSNES GASSANLEGG,124354,21139663,9999-12-31,2013-05-08
KOLLSNES GASSBEHANDLINGSANLEGG,Statoil Petroleum AS,5.00000,KOLLSNES GASSANLEGG,124354,17237817,9999-12-31,2013-05-08
KOLLSNES GASSBEHANDLINGSANLEGG,Petoro AS,45.79300,KOLLSNES GASSANLEGG,124354,1626839,9999-12-31,2013-05-08
KOLLSNES GASSBEHANDLINGSANLEGG,Solveig Gas Norway AS,24.75600,KOLLSNES GASSANLEGG,124354,21139652,9999-12-31,2013-05-08
KOLLSNES GASSBEHANDLINGSANLEGG,RWE Dea Norge AS,0.08100,KOLLSNES GASSANLEGG,124354,97557,9999-12-31,2013-05-08
KOLLSNES GASSBEHANDLINGSANLEGG,GDF SUEZ E&P Norge AS,0.30400,KOLLSNES GASSANLEGG,124354,5267845,9999-12-31,2013-05-08
KVITEBJØRN GASSTRANSPORT SYSTEM,RWE Dea Norge AS,0.08100,KVITEBJØRN GASSRØR,2417249,97557,9999-12-31,2013-05-08
KVITEBJØRN GASSTRANSPORT SYSTEM,GDF SUEZ E&P Norge AS,0.30400,KVITEBJØRN GASSRØR,2417249,5267845,9999-12-31,2013-05-08
KVITEBJØRN GASSTRANSPORT SYSTEM,Solveig Gas Norway AS,24.75600,KVITEBJØRN GASSRØR,2417249,21139652,9999-12-31,2013-05-08
KVITEBJØRN GASSTRANSPORT SYSTEM,DONG E&P Norge AS,0.98300,KVITEBJØRN GASSRØR,2417249,4070011,9999-12-31,2013-05-08
KVITEBJØRN GASSTRANSPORT SYSTEM,Infragas Norge AS,5.00600,KVITEBJØRN GASSRØR,2417249,21139140,9999-12-31,2013-05-08
KVITEBJØRN GASSTRANSPORT SYSTEM,ConocoPhillips Skandinavia AS,1.67800,KVITEBJØRN GASSRØR,2417249,2410696,9999-12-31,2013-05-08
KVITEBJØRN GASSTRANSPORT SYSTEM,Norsea Gas AS,2.26100,KVITEBJØRN GASSRØR,2417249,1025067,9999-12-31,2013-05-08
KVITEBJØRN GASSTRANSPORT SYSTEM,Njord Gas Infrastructure AS,8.03600,KVITEBJØRN GASSRØR,2417249,20440816,9999-12-31,2013-05-08
KVITEBJØRN GASSTRANSPORT SYSTEM,Silex Gas Norway AS,6.10200,KVITEBJØRN GASSRØR,2417249,21139663,9999-12-31,2013-05-08
KVITEBJØRN GASSTRANSPORT SYSTEM,Statoil Petroleum AS,5.00000,KVITEBJØRN GASSRØR,2417249,17237817,9999-12-31,2013-05-08
KVITEBJØRN GASSTRANSPORT SYSTEM,Petoro AS,45.79300,KVITEBJØRN GASSRØR,2417249,1626839,9999-12-31,2013-05-08
KVITEBJØRN OLJETRANSPORT SYSTEM,Enterprise Oil Norge AS,6.45000,KVITEBJØRN OLJERØR,917586,1853786,9999-12-31,2013-05-08
KVITEBJØRN OLJETRANSPORT SYSTEM,Petoro AS,30.00000,KVITEBJØRN OLJERØR,917586,1626839,9999-12-31,2013-05-08
KVITEBJØRN OLJETRANSPORT SYSTEM,Statoil Petroleum AS,39.55000,KVITEBJØRN OLJERØR,917586,17237817,9999-12-31,2013-05-08
KVITEBJØRN OLJETRANSPORT SYSTEM,Total E&P Norge AS,5.00000,KVITEBJØRN OLJERØR,917586,2410708,9999-12-31,2013-05-08
KVITEBJØRN OLJETRANSPORT SYSTEM,Centrica Resources (Norge) AS,19.00000,KVITEBJØRN OLJERØR,917586,4238233,9999-12-31,2013-05-08
GASSBEHANDLINGSANLEGGENE PÅ KÅRSTØ,Solveig Gas Norway AS,24.75600,KÅRSTØ GASSANLEGG,3471786,21139652,9999-12-31,2013-05-08
GASSBEHANDLINGSANLEGGENE PÅ KÅRSTØ,RWE Dea Norge AS,0.08100,KÅRSTØ GASSANLEGG,3471786,97557,9999-12-31,2013-05-08
GASSBEHANDLINGSANLEGGENE PÅ KÅRSTØ,GDF SUEZ E&P Norge AS,0.30400,KÅRSTØ GASSANLEGG,3471786,5267845,9999-12-31,2013-05-08
GASSBEHANDLINGSANLEGGENE PÅ KÅRSTØ,DONG E&P Norge AS,0.98300,KÅRSTØ GASSANLEGG,3471786,4070011,9999-12-31,2013-05-08
GASSBEHANDLINGSANLEGGENE PÅ KÅRSTØ,Norsea Gas AS,2.26100,KÅRSTØ GASSANLEGG,3471786,1025067,9999-12-31,2013-05-08
GASSBEHANDLINGSANLEGGENE PÅ KÅRSTØ,Statoil Petroleum AS,5.00000,KÅRSTØ GASSANLEGG,3471786,17237817,9999-12-31,2013-05-08
GASSBEHANDLINGSANLEGGENE PÅ KÅRSTØ,Petoro AS,45.79300,KÅRSTØ GASSANLEGG,3471786,1626839,9999-12-31,2013-05-08
GASSBEHANDLINGSANLEGGENE PÅ KÅRSTØ,ConocoPhillips Skandinavia AS,1.67800,KÅRSTØ GASSANLEGG,3471786,2410696,9999-12-31,2013-05-08
GASSBEHANDLINGSANLEGGENE PÅ KÅRSTØ,Silex Gas Norway AS,6.10200,KÅRSTØ GASSANLEGG,3471786,21139663,9999-12-31,2013-05-08
GASSBEHANDLINGSANLEGGENE PÅ KÅRSTØ,Njord Gas Infrastructure AS,8.03600,KÅRSTØ GASSANLEGG,3471786,20440816,9999-12-31,2013-05-08
GASSBEHANDLINGSANLEGGENE PÅ KÅRSTØ,Infragas Norge AS,5.00600,KÅRSTØ GASSANLEGG,3471786,21139140,9999-12-31,2013-05-08
LANGELED,DONG E&P Norge AS,0.98300,LANGELED,2450169,4070011,9999-12-31,2013-05-08
LANGELED,Infragas Norge AS,5.00600,LANGELED,2450169,21139140,9999-12-31,2013-05-08
LANGELED,ConocoPhillips Skandinavia AS,1.67800,LANGELED,2450169,2410696,9999-12-31,2013-05-08
LANGELED,Norsea Gas AS,2.26100,LANGELED,2450169,1025067,9999-12-31,2013-05-08
LANGELED,Njord Gas Infrastructure AS,8.03600,LANGELED,2450169,20440816,9999-12-31,2013-05-08
LANGELED,Silex Gas Norway AS,6.10200,LANGELED,2450169,21139663,9999-12-31,2013-05-08
LANGELED,Statoil Petroleum AS,5.00000,LANGELED,2450169,17237817,9999-12-31,2013-05-08
LANGELED,Petoro AS,45.79300,LANGELED,2450169,1626839,9999-12-31,2013-05-08
LANGELED,RWE Dea Norge AS,0.08100,LANGELED,2450169,97557,9999-12-31,2013-05-08
LANGELED,GDF SUEZ E&P Norge AS,0.30400,LANGELED,2450169,5267845,9999-12-31,2013-05-08
LANGELED,Solveig Gas Norway AS,24.75600,LANGELED,2450169,21139652,9999-12-31,2013-05-08
NORNE GASSTRANSPORTSYSTEM,Solveig Gas Norway AS,24.75600,NORNE GASSTRANSPORT,1035984,21139652,9999-12-31,2013-05-08
NORNE GASSTRANSPORTSYSTEM,RWE Dea Norge AS,0.08100,NORNE GASSTRANSPORT,1035984,97557,9999-12-31,2013-05-08
NORNE GASSTRANSPORTSYSTEM,GDF SUEZ E&P Norge AS,0.30400,NORNE GASSTRANSPORT,1035984,5267845,9999-12-31,2013-05-08
NORNE GASSTRANSPORTSYSTEM,DONG E&P Norge AS,0.98300,NORNE GASSTRANSPORT,1035984,4070011,9999-12-31,2013-05-08
NORNE GASSTRANSPORTSYSTEM,Infragas Norge AS,5.00600,NORNE GASSTRANSPORT,1035984,21139140,9999-12-31,2013-05-08
NORNE GASSTRANSPORTSYSTEM,ConocoPhillips Skandinavia AS,1.67800,NORNE GASSTRANSPORT,1035984,2410696,9999-12-31,2013-05-08
NORNE GASSTRANSPORTSYSTEM,Norsea Gas AS,2.26100,NORNE GASSTRANSPORT,1035984,1025067,9999-12-31,2013-05-08
NORNE GASSTRANSPORTSYSTEM,Njord Gas Infrastructure AS,8.03600,NORNE GASSTRANSPORT,1035984,20440816,9999-12-31,2013-05-08
NORNE GASSTRANSPORTSYSTEM,Silex Gas Norway AS,6.10200,NORNE GASSTRANSPORT,1035984,21139663,9999-12-31,2013-05-08
NORNE GASSTRANSPORTSYSTEM,Petoro AS,45.79300,NORNE GASSTRANSPORT,1035984,1626839,9999-12-31,2013-05-08
NORNE GASSTRANSPORTSYSTEM,Statoil Petroleum AS,5.00000,NORNE GASSTRANSPORT,1035984,17237817,9999-12-31,2013-05-08
NORPIPE GASSRØR,DONG E&P Norge AS,0.98300,NORPIPE GASSLEDNING,124165,4070011,9999-12-31,2013-05-08
NORPIPE GASSRØR,Infragas Norge AS,5.00600,NORPIPE GASSLEDNING,124165,21139140,9999-12-31,2013-05-08
NORPIPE GASSRØR,ConocoPhillips Skandinavia AS,1.67800,NORPIPE GASSLEDNING,124165,2410696,9999-12-31,2013-05-08
NORPIPE GASSRØR,Norsea Gas AS,2.26100,NORPIPE GASSLEDNING,124165,1025067,9999-12-31,2013-05-08
NORPIPE GASSRØR,Njord Gas Infrastructure AS,8.03600,NORPIPE GASSLEDNING,124165,20440816,9999-12-31,2013-05-08
NORPIPE GASSRØR,Silex Gas Norway AS,6.10200,NORPIPE GASSLEDNING,124165,21139663,9999-12-31,2013-05-08
NORPIPE GASSRØR,Statoil Petroleum AS,5.00000,NORPIPE GASSLEDNING,124165,17237817,9999-12-31,2013-05-08
NORPIPE GASSRØR,Petoro AS,45.79300,NORPIPE GASSLEDNING,124165,1626839,9999-12-31,2013-05-08
NORPIPE GASSRØR,RWE Dea Norge AS,0.08100,NORPIPE GASSLEDNING,124165,97557,9999-12-31,2013-05-08
NORPIPE GASSRØR,GDF SUEZ E&P Norge AS,0.30400,NORPIPE GASSLEDNING,124165,5267845,9999-12-31,2013-05-08
NORPIPE GASSRØR,Solveig Gas Norway AS,24.75600,NORPIPE GASSLEDNING,124165,21139652,9999-12-31,2013-05-08
NORPIPE OIL AS,Elf Rex Norge AS,0.42000,NORPIPE OLJELEDNING,124133,320,9999-12-31,2013-05-08
NORPIPE OIL AS,Saga Petroleum ASA,0.15000,NORPIPE OLJELEDNING,124133,716,9999-12-31,2013-05-08
NORPIPE OIL AS,Total Norge AS,2.02000,NORPIPE OLJELEDNING,124133,848,9999-12-31,2013-05-08
NORPIPE OIL AS,Elf Petroleum Norge AS,4.05000,NORPIPE OLJELEDNING,124133,298,9999-12-31,2013-05-08
NORPIPE OIL AS,Norsk Hydro Produksjon AS,3.35000,NORPIPE OLJELEDNING,124133,430,9999-12-31,2013-05-08
NORPIPE OIL AS,Norsk Agip  AS,6.52000,NORPIPE OLJELEDNING,124133,45,9999-12-31,2013-05-08
NORPIPE OIL AS,Fina Production Licenses AS,28.44000,NORPIPE OLJELEDNING,124133,386,9999-12-31,2013-05-08
NORPIPE OIL AS,Phillips Petroleum Company Norway,35.05000,NORPIPE OLJELEDNING,124133,694,9999-12-31,2013-05-08
NORPIPE OIL AS,Statoil ASA (old),20.00000,NORPIPE OLJELEDNING,124133,1622484,9999-12-31,2013-05-08
OSEBERG GASSTRANSPORT,Norsea Gas AS,2.26100,OSEBERG GASSTRANSPORT,124170,1025067,9999-12-31,2013-05-08
OSEBERG GASSTRANSPORT,Statoil Petroleum AS,5.00000,OSEBERG GASSTRANSPORT,124170,17237817,9999-12-31,2013-05-08
OSEBERG GASSTRANSPORT,Petoro AS,45.79300,OSEBERG GASSTRANSPORT,124170,1626839,9999-12-31,2013-05-08
OSEBERG GASSTRANSPORT,ConocoPhillips Skandinavia AS,1.67800,OSEBERG GASSTRANSPORT,124170,2410696,9999-12-31,2013-05-08
OSEBERG GASSTRANSPORT,Silex Gas Norway AS,6.10200,OSEBERG GASSTRANSPORT,124170,21139663,9999-12-31,2013-05-08
OSEBERG GASSTRANSPORT,Njord Gas Infrastructure AS,8.03600,OSEBERG GASSTRANSPORT,124170,20440816,9999-12-31,2013-05-08
OSEBERG GASSTRANSPORT,Infragas Norge AS,5.00600,OSEBERG GASSTRANSPORT,124170,21139140,9999-12-31,2013-05-08
OSEBERG GASSTRANSPORT,Solveig Gas Norway AS,24.75600,OSEBERG GASSTRANSPORT,124170,21139652,9999-12-31,2013-05-08
OSEBERG GASSTRANSPORT,DONG E&P Norge AS,0.98300,OSEBERG GASSTRANSPORT,124170,4070011,9999-12-31,2013-05-08
OSEBERG GASSTRANSPORT,RWE Dea Norge AS,0.08100,OSEBERG GASSTRANSPORT,124170,97557,9999-12-31,2013-05-08
OSEBERG GASSTRANSPORT,GDF SUEZ E&P Norge AS,0.30400,OSEBERG GASSTRANSPORT,124170,5267845,9999-12-31,2013-05-08
OSEBERG TRANSPORT SYSTEM (OTS),ConocoPhillips Skandinavia AS,2.40000,OSEBERG TRANSPORTSYSTEM,124301,2410696,9999-12-31,2013-05-08
OSEBERG TRANSPORT SYSTEM (OTS),Petoro AS,48.38379,OSEBERG TRANSPORTSYSTEM,124301,1626839,9999-12-31,2013-05-08
OSEBERG TRANSPORT SYSTEM (OTS),Total E&P Norge AS,12.98159,OSEBERG TRANSPORTSYSTEM,124301,2410708,9999-12-31,2013-05-08
OSEBERG TRANSPORT SYSTEM (OTS),Statoil Petroleum AS,36.23462,OSEBERG TRANSPORTSYSTEM,124301,17237817,9999-12-31,2013-05-08
SLEIPNER ØST KONDENSAT,Total Norge AS,1.00000,SLEIPNER KONDENSATRØR,124340,848,9999-12-31,2013-05-08
SLEIPNER ØST KONDENSAT,Elf Petroleum Norge AS,9.00000,SLEIPNER KONDENSATRØR,124340,298,9999-12-31,2013-05-08
SLEIPNER ØST KONDENSAT,Norsk Hydro Produksjon AS,10.00000,SLEIPNER KONDENSATRØR,124340,430,9999-12-31,2013-05-08
SLEIPNER ØST KONDENSAT,Esso Exploration and Production Norway A/S,30.40000,SLEIPNER KONDENSATRØR,124340,353,9999-12-31,2013-05-08
SLEIPNER ØST KONDENSAT,Statoil ASA (old),49.60000,SLEIPNER KONDENSATRØR,124340,1622484,9999-12-31,2013-05-08
STATPIPE,ConocoPhillips Skandinavia AS,1.67800,STATPIPE,123940,2410696,9999-12-31,2013-05-08
STATPIPE,Silex Gas Norway AS,6.10200,STATPIPE,123940,21139663,9999-12-31,2013-05-08
STATPIPE,Njord Gas Infrastructure AS,8.03600,STATPIPE,123940,20440816,9999-12-31,2013-05-08
STATPIPE,Norsea Gas AS,2.26100,STATPIPE,123940,1025067,9999-12-31,2013-05-08
STATPIPE,Infragas Norge AS,5.00600,STATPIPE,123940,21139140,9999-12-31,2013-05-08
STATPIPE,Statoil Petroleum AS,5.00000,STATPIPE,123940,17237817,9999-12-31,2013-05-08
STATPIPE,Petoro AS,45.79300,STATPIPE,123940,1626839,9999-12-31,2013-05-08
STATPIPE,DONG E&P Norge AS,0.98300,STATPIPE,123940,4070011,9999-12-31,2013-05-08
STATPIPE,Solveig Gas Norway AS,24.75600,STATPIPE,123940,21139652,9999-12-31,2013-05-08
STATPIPE,RWE Dea Norge AS,0.08100,STATPIPE,123940,97557,9999-12-31,2013-05-08
STATPIPE,GDF SUEZ E&P Norge AS,0.30400,STATPIPE,123940,5267845,9999-12-31,2013-05-08
TAMPEN LINK,RWE Dea Norge AS,0.08100,TAMPEN LINK,3113815,97557,9999-12-31,2013-05-08
TAMPEN LINK,GDF SUEZ E&P Norge AS,0.30400,TAMPEN LINK,3113815,5267845,9999-12-31,2013-05-08
TAMPEN LINK,Solveig Gas Norway AS,24.75600,TAMPEN LINK,3113815,21139652,9999-12-31,2013-05-08
TAMPEN LINK,DONG E&P Norge AS,0.98300,TAMPEN LINK,3113815,4070011,9999-12-31,2013-05-08
TAMPEN LINK,Infragas Norge AS,5.00600,TAMPEN LINK,3113815,21139140,9999-12-31,2013-05-08
TAMPEN LINK,ConocoPhillips Skandinavia AS,1.67800,TAMPEN LINK,3113815,2410696,9999-12-31,2013-05-08
TAMPEN LINK,Norsea Gas AS,2.26100,TAMPEN LINK,3113815,1025067,9999-12-31,2013-05-08
TAMPEN LINK,Njord Gas Infrastructure AS,8.03600,TAMPEN LINK,3113815,20440816,9999-12-31,2013-05-08
TAMPEN LINK,Silex Gas Norway AS,6.10200,TAMPEN LINK,3113815,21139663,9999-12-31,2013-05-08
TAMPEN LINK,Statoil Petroleum AS,5.00000,TAMPEN LINK,3113815,17237817,9999-12-31,2013-05-08
TAMPEN LINK,Petoro AS,45.79300,TAMPEN LINK,3113815,1626839,9999-12-31,2013-05-08
ULA,Svenska Petroleum Exploration AS,15.00000,ULA OLJETRANSPORT,124285,738,9999-12-31,2013-05-08
ULA,Pelican AS,5.00000,ULA OLJETRANSPORT,124285,606,9999-12-31,2013-05-08
ULA,Norske Conoco A/S,10.00000,ULA OLJETRANSPORT,124285,221,9999-12-31,2013-05-08
ULA,BP Petroleum Dev. of Norway AS,57.50000,ULA OLJETRANSPORT,124285,155,9999-12-31,2013-05-08
ULA,Statoil ASA (old),12.50000,ULA OLJETRANSPORT,124285,1622484,9999-12-31,2013-05-08
VESTERLED,Norsea Gas AS,2.26100,VESTERLED,124280,1025067,9999-12-31,2013-05-08
VESTERLED,Statoil Petroleum AS,5.00000,VESTERLED,124280,17237817,9999-12-31,2013-05-08
VESTERLED,ConocoPhillips Skandinavia AS,1.67800,VESTERLED,124280,2410696,9999-12-31,2013-05-08
VESTERLED,Silex Gas Norway AS,6.10200,VESTERLED,124280,21139663,9999-12-31,2013-05-08
VESTERLED,Njord Gas Infrastructure AS,8.03600,VESTERLED,124280,20440816,9999-12-31,2013-05-08
VESTERLED,DONG E&P Norge AS,0.98300,VESTERLED,124280,4070011,9999-12-31,2013-05-08
VESTERLED,Infragas Norge AS,5.00600,VESTERLED,124280,21139140,9999-12-31,2013-05-08
VESTERLED,Petoro AS,45.79300,VESTERLED,124280,1626839,9999-12-31,2013-05-08
VESTERLED,Solveig Gas Norway AS,24.75600,VESTERLED,124280,21139652,9999-12-31,2013-05-08
VESTERLED,RWE Dea Norge AS,0.08100,VESTERLED,124280,97557,9999-12-31,2013-05-08
VESTERLED,GDF SUEZ E&P Norge AS,0.30400,VESTERLED,124280,5267845,9999-12-31,2013-05-08
ZEEPIPE,RWE Dea Norge AS,0.08100,ZEEPIPE,124227,97557,9999-12-31,2013-05-08
ZEEPIPE,GDF SUEZ E&P Norge AS,0.30400,ZEEPIPE,124227,5267845,9999-12-31,2013-05-08
ZEEPIPE,Solveig Gas Norway AS,24.75600,ZEEPIPE,124227,21139652,9999-12-31,2013-05-08
ZEEPIPE,DONG E&P Norge AS,0.98300,ZEEPIPE,124227,4070011,9999-12-31,2013-05-08
ZEEPIPE,Infragas Norge AS,5.00600,ZEEPIPE,124227,21139140,9999-12-31,2013-05-08
ZEEPIPE,Petoro AS,45.79300,ZEEPIPE,124227,1626839,9999-12-31,2013-05-08
ZEEPIPE,ConocoPhillips Skandinavia AS,1.67800,ZEEPIPE,124227,2410696,9999-12-31,2013-05-08
ZEEPIPE,Silex Gas Norway AS,6.10200,ZEEPIPE,124227,21139663,9999-12-31,2013-05-08
ZEEPIPE,Njord Gas Infrastructure AS,8.03600,ZEEPIPE,124227,20440816,9999-12-31,2013-05-08
ZEEPIPE,Norsea Gas AS,2.26100,ZEEPIPE,124227,1025067,9999-12-31,2013-05-08
ZEEPIPE,Statoil Petroleum AS,5.00000,ZEEPIPE,124227,17237817,9999-12-31,2013-05-08
ZEEPIPE FASE II-A,Norsea Gas AS,2.26100,ZEEPIPE IIA,124244,1025067,9999-12-31,2013-05-08
ZEEPIPE FASE II-A,Statoil Petroleum AS,5.00000,ZEEPIPE IIA,124244,17237817,9999-12-31,2013-05-08
ZEEPIPE FASE II-A,Petoro AS,45.79300,ZEEPIPE IIA,124244,1626839,9999-12-31,2013-05-08
ZEEPIPE FASE II-A,ConocoPhillips Skandinavia AS,1.67800,ZEEPIPE IIA,124244,2410696,9999-12-31,2013-05-08
ZEEPIPE FASE II-A,Silex Gas Norway AS,6.10200,ZEEPIPE IIA,124244,21139663,9999-12-31,2013-05-08
ZEEPIPE FASE II-A,Njord Gas Infrastructure AS,8.03600,ZEEPIPE IIA,124244,20440816,9999-12-31,2013-05-08
ZEEPIPE FASE II-A,Infragas Norge AS,5.00600,ZEEPIPE IIA,124244,21139140,9999-12-31,2013-05-08
ZEEPIPE FASE II-A,DONG E&P Norge AS,0.98300,ZEEPIPE IIA,124244,4070011,9999-12-31,2013-05-08
ZEEPIPE FASE II-A,Solveig Gas Norway AS,24.75600,ZEEPIPE IIA,124244,21139652,9999-12-31,2013-05-08
ZEEPIPE FASE II-A,RWE Dea Norge AS,0.08100,ZEEPIPE IIA,124244,97557,9999-12-31,2013-05-08
ZEEPIPE FASE II-A,GDF SUEZ E&P Norge AS,0.30400,ZEEPIPE IIA,124244,5267845,9999-12-31,2013-05-08
ZEEPIPE FASE II-B,RWE Dea Norge AS,0.08100,ZEEPIPE IIB,124253,97557,9999-12-31,2013-05-08
ZEEPIPE FASE II-B,GDF SUEZ E&P Norge AS,0.30400,ZEEPIPE IIB,124253,5267845,9999-12-31,2013-05-08
ZEEPIPE FASE II-B,Solveig Gas Norway AS,24.75600,ZEEPIPE IIB,124253,21139652,9999-12-31,2013-05-08
ZEEPIPE FASE II-B,Norsea Gas AS,2.26100,ZEEPIPE IIB,124253,1025067,9999-12-31,2013-05-08
ZEEPIPE FASE II-B,Statoil Petroleum AS,5.00000,ZEEPIPE IIB,124253,17237817,9999-12-31,2013-05-08
ZEEPIPE FASE II-B,Petoro AS,45.79300,ZEEPIPE IIB,124253,1626839,9999-12-31,2013-05-08
ZEEPIPE FASE II-B,ConocoPhillips Skandinavia AS,1.67800,ZEEPIPE IIB,124253,2410696,9999-12-31,2013-05-08
ZEEPIPE FASE II-B,Silex Gas Norway AS,6.10200,ZEEPIPE IIB,124253,21139663,9999-12-31,2013-05-08
ZEEPIPE FASE II-B,Njord Gas Infrastructure AS,8.03600,ZEEPIPE IIB,124253,20440816,9999-12-31,2013-05-08
ZEEPIPE FASE II-B,Infragas Norge AS,5.00600,ZEEPIPE IIB,124253,21139140,9999-12-31,2013-05-08
ZEEPIPE FASE II-B,DONG E&P Norge AS,0.98300,ZEEPIPE IIB,124253,4070011,9999-12-31,2013-05-08
ÅSGARD TRANSPORT,DONG E&P Norge AS,0.98300,ÅSGARD TRANSPORT,124211,4070011,9999-12-31,2013-05-08
ÅSGARD TRANSPORT,Norsea Gas AS,2.26100,ÅSGARD TRANSPORT,124211,1025067,9999-12-31,2013-05-08
ÅSGARD TRANSPORT,Statoil Petroleum AS,5.00000,ÅSGARD TRANSPORT,124211,17237817,9999-12-31,2013-05-08
ÅSGARD TRANSPORT,Petoro AS,45.79300,ÅSGARD TRANSPORT,124211,1626839,9999-12-31,2013-05-08
ÅSGARD TRANSPORT,ConocoPhillips Skandinavia AS,1.67800,ÅSGARD TRANSPORT,124211,2410696,9999-12-31,2013-05-08
ÅSGARD TRANSPORT,Silex Gas Norway AS,6.10200,ÅSGARD TRANSPORT,124211,21139663,9999-12-31,2013-05-08
ÅSGARD TRANSPORT,Njord Gas Infrastructure AS,8.03600,ÅSGARD TRANSPORT,124211,20440816,9999-12-31,2013-05-08
ÅSGARD TRANSPORT,Infragas Norge AS,5.00600,ÅSGARD TRANSPORT,124211,21139140,9999-12-31,2013-05-08
ÅSGARD TRANSPORT,Solveig Gas Norway AS,24.75600,ÅSGARD TRANSPORT,124211,21139652,9999-12-31,2013-05-08
ÅSGARD TRANSPORT,RWE Dea Norge AS,0.08100,ÅSGARD TRANSPORT,124211,97557,9999-12-31,2013-05-08
ÅSGARD TRANSPORT,GDF SUEZ E&P Norge AS,0.30400,ÅSGARD TRANSPORT,124211,5267845,9999-12-31,2013-05-08
